,Dataset,Method,Classifier,ConformalPredictor,Top1,Top5,alpha,use_platt_scaling,calibrated_tau,original_coverage,original_size,oracle_tau,predicted_alpha,predicted_tau,predicted_coverage,predicted_size,on_classes_of,raps_kreg,raps_lambda,shift_type
0,ImageNetV2,ACR,resnet50,TPS,0.633,0.847,0.01,False,0.999823020635074,0.976,48.805,0.9999699558436432,,1.0021576881408691,1.0,1000.0,,-1.0,0.0,ImageNet
1,ImageNetV2,CHR,resnet50,TPS,0.633,0.847,0.01,False,0.999823020635074,0.976,48.805,0.9999699558436432,,0.9990609884262084,0.951,19.454,,-1.0,0.0,ImageNet
2,ImageNetV2,CHR-,resnet50,TPS,0.633,0.847,0.01,False,0.999823020635074,0.976,48.805,0.9999699558436432,,0.9979813098907472,0.932,12.509,,-1.0,0.0,ImageNet
3,ImageNetV2,DCR,resnet50,TPS,0.633,0.847,0.01,False,0.999823020635074,0.976,48.805,0.9999699558436432,,1.5074879395346104,1.0,1000.0,,-1.0,0.0,ImageNet
4,ImageNetV2,PCR,resnet50,TPS,0.633,0.847,0.01,False,0.999823020635074,0.976,48.805,0.9999699558436432,,1.0132648944854736,1.0,1000.0,,-1.0,0.0,ImageNet
5,ImageNetV2,QTC,resnet50,TPS,0.633,0.847,0.01,False,0.999823020635074,0.976,48.805,0.9999699558436432,0.0040400000289082,0.9999727708171922,0.991,119.108,,-1.0,0.0,ImageNet
6,ImageNetV2,QTC-SC,resnet50,TPS,0.633,0.847,0.01,False,0.999823020635074,0.976,48.805,0.9999699558436432,0.0062999725341796,0.9999347679725792,0.985,80.362,,-1.0,0.0,ImageNet
7,ImageNetV2,QTC-ST,resnet50,TCP,0.633,0.847,0.01,,0.999823006067728,0.976,48.805,0.9999699868010828,,0.9977999925613404,0.93,11.896,,,,ImageNet
8,ImageNetV2,ACR,resnet50,TPS,0.633,0.847,0.025,False,0.9987417373315584,0.943,16.452,0.9998061066844316,,1.0010076761245728,1.0,1000.0,,-1.0,0.0,ImageNet
9,ImageNetV2,CHR,resnet50,TPS,0.633,0.847,0.025,False,0.9987417373315584,0.943,16.452,0.9998061066844316,,0.998674750328064,0.942,15.957,,-1.0,0.0,ImageNet
10,ImageNetV2,CHR-,resnet50,TPS,0.633,0.847,0.025,False,0.9987417373315584,0.943,16.452,0.9998061066844316,,0.9936453104019164,0.898,6.449,,-1.0,0.0,ImageNet
11,ImageNetV2,DCR,resnet50,TPS,0.633,0.847,0.025,False,0.9987417373315584,0.943,16.452,0.9998061066844316,,0.99922946211632,0.955,21.785,,-1.0,0.0,ImageNet
12,ImageNetV2,PCR,resnet50,TPS,0.633,0.847,0.025,False,0.9987417373315584,0.943,16.452,0.9998061066844316,,0.9937421679496764,0.898,6.504,,-1.0,0.0,ImageNet
13,ImageNetV2,QTC,resnet50,TPS,0.633,0.847,0.025,False,0.9987417373315584,0.943,16.452,0.9998061066844316,0.0122400000691413,0.9997255814775436,0.971,38.693,,-1.0,0.0,ImageNet
14,ImageNetV2,QTC-SC,resnet50,TPS,0.633,0.847,0.025,False,0.9987417373315584,0.943,16.452,0.9998061066844316,0.0149999856948852,0.9995765737670764,0.965,30.505,,-1.0,0.0,ImageNet
15,ImageNetV2,QTC-ST,resnet50,TCP,0.633,0.847,0.025,,0.9987416721289238,0.943,16.451,0.9998061030635116,,0.9977999925613404,0.93,11.896,,,,ImageNet
16,ImageNetV2,ACR,resnet50,TPS,0.633,0.847,0.05,False,0.99363269250561,0.898,6.441,0.9990427391880236,,0.9984685182571412,0.939,14.675,,-1.0,0.0,ImageNet
17,ImageNetV2,CHR,resnet50,TPS,0.633,0.847,0.05,False,0.99363269250561,0.898,6.441,0.9990427391880236,,0.9969521760940552,0.923,9.854,,-1.0,0.0,ImageNet
18,ImageNetV2,CHR-,resnet50,TPS,0.633,0.847,0.05,False,0.99363269250561,0.898,6.441,0.9990427391880236,,0.9935554265975952,0.897,6.4,,-1.0,0.0,ImageNet
19,ImageNetV2,DCR,resnet50,TPS,0.633,0.847,0.05,False,0.99363269250561,0.898,6.441,0.9990427391880236,,0.9978174470709682,0.931,11.951,,-1.0,0.0,ImageNet
20,ImageNetV2,PCR,resnet50,TPS,0.633,0.847,0.05,False,0.99363269250561,0.898,6.441,0.9990427391880236,,1.0027251243591309,1.0,1000.0,,-1.0,0.0,ImageNet
21,ImageNetV2,QTC,resnet50,TPS,0.633,0.847,0.05,False,0.99363269250561,0.898,6.441,0.9990427391880236,0.0246399994939565,0.9987755910284128,0.944,16.712,,-1.0,0.0,ImageNet
22,ImageNetV2,QTC-SC,resnet50,TPS,0.633,0.847,0.05,False,0.99363269250561,0.898,6.441,0.9990427391880236,0.0289999842643737,0.9981926918806794,0.935,13.337,,-1.0,0.0,ImageNet
23,ImageNetV2,QTC-ST,resnet50,TCP,0.633,0.847,0.05,,0.9936310789862414,0.898,6.44,0.999042260780442,,0.9962999820709229,0.917,8.811,,,,ImageNet
24,ImageNetV2,ACR,resnet50,TPS,0.633,0.847,0.075,False,0.9819785672976588,0.853,3.655,0.9971310056866928,,0.9935741424560548,0.898,6.411,,-1.0,0.0,ImageNet
25,ImageNetV2,CHR,resnet50,TPS,0.633,0.847,0.075,False,0.9819785672976588,0.853,3.655,0.9971310056866928,,0.9927871227264404,0.893,6.012,,-1.0,0.0,ImageNet
26,ImageNetV2,CHR-,resnet50,TPS,0.633,0.847,0.075,False,0.9819785672976588,0.853,3.655,0.9971310056866928,,0.9902845621109008,0.882,5.108,,-1.0,0.0,ImageNet
27,ImageNetV2,DCR,resnet50,TPS,0.633,0.847,0.075,False,0.9819785672976588,0.853,3.655,0.9971310056866928,,0.9933588709487532,0.895,6.293,,-1.0,0.0,ImageNet
28,ImageNetV2,PCR,resnet50,TPS,0.633,0.847,0.075,False,0.9819785672976588,0.853,3.655,0.9971310056866928,,1.0041089057922363,1.0,1000.0,,-1.0,0.0,ImageNet
29,ImageNetV2,QTC,resnet50,TPS,0.633,0.847,0.075,False,0.9819785672976588,0.853,3.655,0.9971310056866928,0.0381000004708766,0.9966407766919568,0.92,9.316,,-1.0,0.0,ImageNet
30,ImageNetV2,QTC-SC,resnet50,TPS,0.633,0.847,0.075,False,0.9819785672976588,0.853,3.655,0.9971310056866928,0.0443000197410583,0.9952806074731468,0.909,7.648,,-1.0,0.0,ImageNet
31,ImageNetV2,QTC-ST,resnet50,TCP,0.633,0.847,0.075,,0.981972683211281,0.853,3.655,0.9971304366251283,,0.9887999892234802,0.876,4.715,,,,ImageNet
32,ImageNetV2,ACR,resnet50,TPS,0.633,0.847,0.1,False,0.9612479916616082,0.812,2.475,0.9940198985122144,,0.989107608795166,0.877,4.788,,-1.0,0.0,ImageNet
33,ImageNetV2,CHR,resnet50,TPS,0.633,0.847,0.1,False,0.9612479916616082,0.812,2.475,0.9940198985122144,,0.9897371530532836,0.88,4.954,,-1.0,0.0,ImageNet
34,ImageNetV2,CHR-,resnet50,TPS,0.633,0.847,0.1,False,0.9612479916616082,0.812,2.475,0.9940198985122144,,0.9896599054336548,0.88,4.934,,-1.0,0.0,ImageNet
35,ImageNetV2,DCR,resnet50,TPS,0.633,0.847,0.1,False,0.9612479916616082,0.812,2.475,0.9940198985122144,,0.9884305446251036,0.874,4.635,,-1.0,0.0,ImageNet
36,ImageNetV2,PCR,resnet50,TPS,0.633,0.847,0.1,False,0.9612479916616082,0.812,2.475,0.9940198985122144,,0.991066038608551,0.885,5.344,,-1.0,0.0,ImageNet
37,ImageNetV2,QTC,resnet50,TPS,0.633,0.847,0.1,False,0.9612479916616082,0.812,2.475,0.9940198985122144,0.0523799993097782,0.9929141575320916,0.894,6.072,,-1.0,0.0,ImageNet
38,ImageNetV2,QTC-SC,resnet50,TPS,0.633,0.847,0.1,False,0.9612479916616082,0.812,2.475,0.9940198985122144,0.0591999888420105,0.990349608864082,0.883,5.129,,-1.0,0.0,ImageNet
39,ImageNetV2,QTC-ST,resnet50,TCP,0.633,0.847,0.1,,0.9612278006924614,0.812,2.474,0.9940215067687538,,0.9782000184059144,0.844,3.306,,,,ImageNet
40,ImageNetV2,ACR,resnet50,TPS,0.633,0.847,0.15,False,0.8901761815445115,0.742,1.523,0.9804846484383288,,0.9691547155380248,0.826,2.773,,-1.0,0.0,ImageNet
41,ImageNetV2,CHR,resnet50,TPS,0.633,0.847,0.15,False,0.8901761815445115,0.742,1.523,0.9804846484383288,,0.9702138900756836,0.828,2.822,,-1.0,0.0,ImageNet
42,ImageNetV2,CHR-,resnet50,TPS,0.633,0.847,0.15,False,0.8901761815445115,0.742,1.523,0.9804846484383288,,0.9776182770729064,0.843,3.259,,-1.0,0.0,ImageNet
43,ImageNetV2,DCR,resnet50,TPS,0.633,0.847,0.15,False,0.8901761815445115,0.742,1.523,0.9804846484383288,,0.9619124874965836,0.813,2.497,,-1.0,0.0,ImageNet
44,ImageNetV2,PCR,resnet50,TPS,0.633,0.847,0.15,False,0.8901761815445115,0.742,1.523,0.9804846484383288,,0.9661267995834352,0.82,2.643,,-1.0,0.0,ImageNet
45,ImageNetV2,QTC,resnet50,TPS,0.633,0.847,0.15,False,0.8901761815445115,0.742,1.523,0.9804846484383288,0.0842000022530555,0.975576101810954,0.838,3.119,,-1.0,0.0,ImageNet
46,ImageNetV2,QTC-SC,resnet50,TPS,0.633,0.847,0.15,False,0.8901761815445115,0.742,1.523,0.9804846484383288,0.0934000015258789,0.9677710644398864,0.823,2.71,,-1.0,0.0,ImageNet
47,ImageNetV2,QTC-ST,resnet50,TCP,0.633,0.847,0.15,,0.8901132412433845,0.741,1.523,0.9804761227492804,,0.9336000084877014,0.776,1.916,,,,ImageNet
48,ImageNetV2,ACR,resnet50,TPS,0.633,0.847,0.2,False,0.7703218605833052,0.676,1.097,0.953263360015452,,0.9265571236610411,0.769,1.83,,-1.0,0.0,ImageNet
49,ImageNetV2,CHR,resnet50,TPS,0.633,0.847,0.2,False,0.7703218605833052,0.676,1.097,0.953263360015452,,0.9383540749549866,0.781,1.985,,-1.0,0.0,ImageNet
50,ImageNetV2,CHR-,resnet50,TPS,0.633,0.847,0.2,False,0.7703218605833052,0.676,1.097,0.953263360015452,,0.9533021450042723,0.8,2.26,,-1.0,0.0,ImageNet
51,ImageNetV2,DCR,resnet50,TPS,0.633,0.847,0.2,False,0.7703218605833052,0.676,1.097,0.953263360015452,,0.9320357736663816,0.775,1.897,,-1.0,0.0,ImageNet
52,ImageNetV2,PCR,resnet50,TPS,0.633,0.847,0.2,False,0.7703218605833052,0.676,1.097,0.953263360015452,,0.9304898381233216,0.774,1.878,,-1.0,0.0,ImageNet
53,ImageNetV2,QTC,resnet50,TPS,0.633,0.847,0.2,False,0.7703218605833052,0.676,1.097,0.953263360015452,0.1191800013184547,0.9391071371796929,0.782,1.996,,-1.0,0.0,ImageNet
54,ImageNetV2,QTC-SC,resnet50,TPS,0.633,0.847,0.2,False,0.7703218605833052,0.676,1.097,0.953263360015452,0.1292999982833862,0.925523387102988,0.768,1.818,,-1.0,0.0,ImageNet
55,ImageNetV2,QTC-ST,resnet50,TCP,0.633,0.847,0.2,,0.7702666071474551,0.676,1.097,0.9532450025004148,,0.845300018787384,0.713,1.305,,,,ImageNet
56,ImageNet-Sketch,ACR,resnet50,TPS,0.241,0.413,0.01,False,0.999823020635074,0.797,164.255,0.9999989392023724,,0.9985109567642212,0.626,41.967,,-1.0,0.0,ImageNet
57,ImageNet-Sketch,CHR,resnet50,TPS,0.241,0.413,0.01,False,0.999823020635074,0.797,164.255,0.9999989392023724,,1.0005958080291748,1.0,1000.0,,-1.0,0.0,ImageNet
58,ImageNet-Sketch,CHR-,resnet50,TPS,0.241,0.413,0.01,False,0.999823020635074,0.797,164.255,0.9999989392023724,,0.9999960064888,0.976,623.974,,-1.0,0.0,ImageNet
59,ImageNet-Sketch,DCR,resnet50,TPS,0.241,0.413,0.01,False,0.999823020635074,0.797,164.255,0.9999989392023724,,1.813474999604648,1.0,1000.0,,-1.0,0.0,ImageNet
60,ImageNet-Sketch,PCR,resnet50,TPS,0.241,0.413,0.01,False,0.999823020635074,0.797,164.255,0.9999989392023724,,0.9904810190200806,0.48,10.073,,-1.0,0.0,ImageNet
61,ImageNet-Sketch,QTC,resnet50,TPS,0.241,0.413,0.01,False,0.999823020635074,0.797,164.255,0.9999989392023724,0.0002800000074785,0.9999999594243372,0.999,913.839,,-1.0,0.0,ImageNet
62,ImageNet-Sketch,QTC-SC,resnet50,TPS,0.241,0.413,0.01,False,0.999823020635074,0.797,164.255,0.9999989392023724,0.0016310214996337,0.9999975433892327,0.983,676.107,,-1.0,0.0,ImageNet
63,ImageNet-Sketch,QTC-ST,resnet50,TCP,0.241,0.413,0.01,,0.999823006067728,0.797,164.246,0.9999989391795318,,0.9990567564964294,0.664,58.095,,,,ImageNet
64,ImageNet-Sketch,ACR,resnet50,TPS,0.241,0.413,0.025,False,0.9987417373315584,0.64,47.394,0.99999569104381,,0.9994651675224304,0.709,85.004,,-1.0,0.0,ImageNet
65,ImageNet-Sketch,CHR,resnet50,TPS,0.241,0.413,0.025,False,0.9987417373315584,0.64,47.394,0.99999569104381,,0.9995452165603638,0.722,94.324,,-1.0,0.0,ImageNet
66,ImageNet-Sketch,CHR-,resnet50,TPS,0.241,0.413,0.025,False,0.9987417373315584,0.64,47.394,0.99999569104381,,1.0024230480194092,1.0,1000.0,,-1.0,0.0,ImageNet
67,ImageNet-Sketch,DCR,resnet50,TPS,0.241,0.413,0.025,False,0.9987417373315584,0.64,47.394,0.99999569104381,,1.0000772608884765,1.0,1000.0,,-1.0,0.0,ImageNet
68,ImageNet-Sketch,PCR,resnet50,TPS,0.241,0.413,0.025,False,0.9987417373315584,0.64,47.394,0.99999569104381,,0.9945032000541688,0.52,15.478,,-1.0,0.0,ImageNet
69,ImageNet-Sketch,QTC,resnet50,TPS,0.241,0.413,0.025,False,0.9987417373315584,0.64,47.394,0.99999569104381,0.0012199999764561,0.9999989638179064,0.99,753.788,,-1.0,0.0,ImageNet
70,ImageNet-Sketch,QTC-SC,resnet50,TPS,0.241,0.413,0.025,False,0.9987417373315584,0.64,47.394,0.99999569104381,0.0028296709060668,0.9999896925542092,0.953,506.996,,-1.0,0.0,ImageNet
71,ImageNet-Sketch,QTC-ST,resnet50,TCP,0.241,0.413,0.025,,0.9987416721289238,0.64,47.391,0.9999956897190888,,0.9990567564964294,0.664,58.095,,,,ImageNet
72,ImageNet-Sketch,ACR,resnet50,TPS,0.241,0.413,0.05,False,0.99363269250561,0.508,13.795,0.9999886025788364,,0.9990618228912354,0.664,58.303,,-1.0,0.0,ImageNet
73,ImageNet-Sketch,CHR,resnet50,TPS,0.241,0.413,0.05,False,0.99363269250561,0.508,13.795,0.9999886025788364,,0.9997908473014832,0.784,149.845,,-1.0,0.0,ImageNet
74,ImageNet-Sketch,CHR-,resnet50,TPS,0.241,0.413,0.05,False,0.99363269250561,0.508,13.795,0.9999886025788364,,1.0016825199127195,1.0,1000.0,,-1.0,0.0,ImageNet
75,ImageNet-Sketch,DCR,resnet50,TPS,0.241,0.413,0.05,False,0.99363269250561,0.508,13.795,0.9999886025788364,,0.9998262726115108,0.799,165.92,,-1.0,0.0,ImageNet
76,ImageNet-Sketch,PCR,resnet50,TPS,0.241,0.413,0.05,False,0.99363269250561,0.508,13.795,0.9999886025788364,,0.9852254986763,0.448,7.135,,-1.0,0.0,ImageNet
77,ImageNet-Sketch,QTC,resnet50,TPS,0.241,0.413,0.05,False,0.99363269250561,0.508,13.795,0.9999886025788364,0.0027999999001622,0.9999897885920253,0.954,508.223,,-1.0,0.0,ImageNet
78,ImageNet-Sketch,QTC-SC,resnet50,TPS,0.241,0.413,0.05,False,0.99363269250561,0.508,13.795,0.9999886025788364,0.0050501823425292,0.9999599250513465,0.895,326.889,,-1.0,0.0,ImageNet
79,ImageNet-Sketch,QTC-ST,resnet50,TCP,0.241,0.413,0.05,,0.9936310789862414,0.508,13.792,0.9999886034164548,,0.9985851645469666,0.63,43.563,,,,ImageNet
80,ImageNet-Sketch,ACR,resnet50,TPS,0.241,0.413,0.075,False,0.9819785672976588,0.434,6.105,0.9999776802496296,,0.9999860525131226,0.943,466.864,,-1.0,0.0,ImageNet
81,ImageNet-Sketch,CHR,resnet50,TPS,0.241,0.413,0.075,False,0.9819785672976588,0.434,6.105,0.9999776802496296,,0.9993119239807128,0.689,71.951,,-1.0,0.0,ImageNet
82,ImageNet-Sketch,CHR-,resnet50,TPS,0.241,0.413,0.075,False,0.9819785672976588,0.434,6.105,0.9999776802496296,,1.0009232759475708,1.0,1000.0,,-1.0,0.0,ImageNet
83,ImageNet-Sketch,DCR,resnet50,TPS,0.241,0.413,0.075,False,0.9819785672976588,0.434,6.105,0.9999776802496296,,0.999340474586091,0.692,74.032,,-1.0,0.0,ImageNet
84,ImageNet-Sketch,PCR,resnet50,TPS,0.241,0.413,0.075,False,0.9819785672976588,0.434,6.105,0.9999776802496296,,0.9870481491088868,0.457,7.913,,-1.0,0.0,ImageNet
85,ImageNet-Sketch,QTC,resnet50,TPS,0.241,0.413,0.075,False,0.9819785672976588,0.434,6.105,0.9999776802496296,0.005040000192821,0.9999600691760908,0.895,327.343,,-1.0,0.0,ImageNet
86,ImageNet-Sketch,QTC-SC,resnet50,TPS,0.241,0.413,0.075,False,0.9819785672976588,0.434,6.105,0.9999776802496296,0.0071527957916259,0.999913314407336,0.848,235.179,,-1.0,0.0,ImageNet
87,ImageNet-Sketch,QTC-ST,resnet50,TCP,0.241,0.413,0.075,,0.981972683211281,0.434,6.104,0.9999776881527404,,0.9978581070899964,0.595,32.033,,,,ImageNet
88,ImageNet-Sketch,ACR,resnet50,TPS,0.241,0.413,0.1,False,0.9612479916616082,0.38,3.365,0.9999629368327712,,0.9988256692886353,0.646,49.811,,-1.0,0.0,ImageNet
89,ImageNet-Sketch,CHR,resnet50,TPS,0.241,0.413,0.1,False,0.9612479916616082,0.38,3.365,0.9999629368327712,,0.9981303215026855,0.607,35.48,,-1.0,0.0,ImageNet
90,ImageNet-Sketch,CHR-,resnet50,TPS,0.241,0.413,0.1,False,0.9612479916616082,0.38,3.365,0.9999629368327712,,0.9987722635269164,0.642,48.245,,-1.0,0.0,ImageNet
91,ImageNet-Sketch,DCR,resnet50,TPS,0.241,0.413,0.1,False,0.9612479916616082,0.38,3.365,0.9999629368327712,,0.9989542811020016,0.656,54.079,,-1.0,0.0,ImageNet
92,ImageNet-Sketch,PCR,resnet50,TPS,0.241,0.413,0.1,False,0.9612479916616082,0.38,3.365,0.9999629368327712,,0.98870450258255,0.468,8.804,,-1.0,0.0,ImageNet
93,ImageNet-Sketch,QTC,resnet50,TPS,0.241,0.413,0.1,False,0.9612479916616082,0.38,3.365,0.9999629368327712,0.0074399998411536,0.9999075349401596,0.844,228.134,,-1.0,0.0,ImageNet
94,ImageNet-Sketch,QTC-SC,resnet50,TPS,0.241,0.413,0.1,False,0.9612479916616082,0.38,3.365,0.9999629368327712,0.0099039077758789,0.9998268497900176,0.799,166.213,,-1.0,0.0,ImageNet
95,ImageNet-Sketch,QTC-ST,resnet50,TCP,0.241,0.413,0.1,,0.9612278006924614,0.38,3.364,0.999962926293638,,0.9957554936408995,0.54,18.952,,,,ImageNet
96,ImageNet-Sketch,ACR,resnet50,TPS,0.241,0.413,0.15,False,0.8901761815445115,0.307,1.514,0.999916867190484,,0.9973098039627076,0.576,26.932,,-1.0,0.0,ImageNet
97,ImageNet-Sketch,CHR,resnet50,TPS,0.241,0.413,0.15,False,0.8901761815445115,0.307,1.514,0.999916867190484,,0.99699467420578,0.567,24.747,,-1.0,0.0,ImageNet
98,ImageNet-Sketch,CHR-,resnet50,TPS,0.241,0.413,0.15,False,0.8901761815445115,0.307,1.514,0.999916867190484,,0.9932061433792114,0.504,13.116,,-1.0,0.0,ImageNet
99,ImageNet-Sketch,DCR,resnet50,TPS,0.241,0.413,0.15,False,0.8901761815445115,0.307,1.514,0.999916867190484,,0.9982356325285128,0.611,37.046,,-1.0,0.0,ImageNet
100,ImageNet-Sketch,PCR,resnet50,TPS,0.241,0.413,0.15,False,0.8901761815445115,0.307,1.514,0.999916867190484,,0.976438045501709,0.414,4.956,,-1.0,0.0,ImageNet
101,ImageNet-Sketch,QTC,resnet50,TPS,0.241,0.413,0.15,False,0.8901761815445115,0.307,1.514,0.999916867190484,0.0134399998933076,0.9996729120035904,0.749,115.597,,-1.0,0.0,ImageNet
102,ImageNet-Sketch,QTC-SC,resnet50,TPS,0.241,0.413,0.15,False,0.8901761815445115,0.307,1.514,0.999916867190484,0.016545832157135,0.9994854312726202,0.712,87.162,,-1.0,0.0,ImageNet
103,ImageNet-Sketch,QTC-ST,resnet50,TCP,0.241,0.413,0.15,,0.8901132412433845,0.307,1.513,0.999916877779292,,0.988976001739502,0.469,8.975,,,,ImageNet
104,ImageNet-Sketch,ACR,resnet50,TPS,0.241,0.413,0.2,False,0.7703218605833052,0.252,0.842,0.9998294683782464,,0.9944009780883788,0.519,15.258,,-1.0,0.0,ImageNet
105,ImageNet-Sketch,CHR,resnet50,TPS,0.241,0.413,0.2,False,0.7703218605833052,0.252,0.842,0.9998294683782464,,0.9930370450019836,0.502,12.863,,-1.0,0.0,ImageNet
106,ImageNet-Sketch,CHR-,resnet50,TPS,0.241,0.413,0.2,False,0.7703218605833052,0.252,0.842,0.9998294683782464,,0.986260175704956,0.453,7.554,,-1.0,0.0,ImageNet
107,ImageNet-Sketch,DCR,resnet50,TPS,0.241,0.413,0.2,False,0.7703218605833052,0.252,0.842,0.9998294683782464,,0.9913552400188445,0.486,10.865,,-1.0,0.0,ImageNet
108,ImageNet-Sketch,PCR,resnet50,TPS,0.241,0.413,0.2,False,0.7703218605833052,0.252,0.842,0.9998294683782464,,0.95915424823761,0.376,3.231,,-1.0,0.0,ImageNet
109,ImageNet-Sketch,QTC,resnet50,TPS,0.241,0.413,0.2,False,0.7703218605833052,0.252,0.842,0.9998294683782464,0.0203399993479251,0.9992112061349768,0.678,65.68,,-1.0,0.0,ImageNet
110,ImageNet-Sketch,QTC-SC,resnet50,TPS,0.241,0.413,0.2,False,0.7703218605833052,0.252,0.842,0.9998294683782464,0.0231876969337463,0.9989371197112986,0.655,53.466,,-1.0,0.0,ImageNet
111,ImageNet-Sketch,QTC-ST,resnet50,TCP,0.241,0.413,0.2,,0.7702666071474551,0.252,0.842,0.9998294486282993,,0.9719192981719972,0.402,4.323,,,,ImageNet
112,ImageNet-R,ACR,resnet50,TPS,0.237,0.366,0.01,False,0.999823020635074,0.705,154.829,0.999999893797456,,0.9984186887741088,0.544,38.781,,-1.0,0.0,ImageNet
113,ImageNet-R,CHR,resnet50,TPS,0.237,0.366,0.01,False,0.999823020635074,0.705,154.829,0.999999893797456,,1.0004647970199585,1.0,1000.0,,-1.0,0.0,ImageNet
114,ImageNet-R,CHR-,resnet50,TPS,0.237,0.366,0.01,False,0.999823020635074,0.705,154.829,0.999999893797456,,0.9993880987167358,0.612,73.828,,-1.0,0.0,ImageNet
115,ImageNet-R,DCR,resnet50,TPS,0.237,0.366,0.01,False,0.999823020635074,0.705,154.829,0.999999893797456,,1.8126420842985569,1.0,1000.0,,-1.0,0.0,ImageNet
116,ImageNet-R,PCR,resnet50,TPS,0.237,0.366,0.01,False,0.999823020635074,0.705,154.829,0.999999893797456,,0.9584139585494996,0.339,3.263,,-1.0,0.0,ImageNet
117,ImageNet-R,QTC,resnet50,TPS,0.237,0.366,0.01,False,0.999823020635074,0.705,154.829,0.999999893797456,0.0006600000197067,0.9999998162047348,0.987,874.907,,-1.0,0.0,ImageNet
118,ImageNet-R,QTC-SC,resnet50,TPS,0.237,0.366,0.01,False,0.999823020635074,0.705,154.829,0.999999893797456,0.0004666447639465,0.9999998834124,0.99,894.51,,-1.0,0.0,ImageNet
119,ImageNet-R,QTC-ST,resnet50,TCP,0.237,0.366,0.01,,0.999823006067728,0.705,154.822,0.9999998937941312,,0.9997000098228456,0.664,114.755,,,,ImageNet
120,ImageNet-R,ACR,resnet50,TPS,0.237,0.366,0.025,False,0.9987417373315584,0.56,45.521,0.9999994231570778,,0.9993741512298584,0.61,72.752,,-1.0,0.0,ImageNet
121,ImageNet-R,CHR,resnet50,TPS,0.237,0.366,0.025,False,0.9987417373315584,0.56,45.521,0.9999994231570778,,0.9992800951004028,0.6,66.412,,-1.0,0.0,ImageNet
122,ImageNet-R,CHR-,resnet50,TPS,0.237,0.366,0.025,False,0.9987417373315584,0.56,45.521,0.9999994231570778,,1.0024573802947998,1.0,1000.0,,-1.0,0.0,ImageNet
123,ImageNet-R,DCR,resnet50,TPS,0.237,0.366,0.025,False,0.9987417373315584,0.56,45.521,0.9999994231570778,,1.0001020396568965,1.0,1000.0,,-1.0,0.0,ImageNet
124,ImageNet-R,PCR,resnet50,TPS,0.237,0.366,0.025,False,0.9987417373315584,0.56,45.521,0.9999994231570778,,0.9896121025085448,0.421,9.556,,-1.0,0.0,ImageNet
125,ImageNet-R,QTC,resnet50,TPS,0.237,0.366,0.025,False,0.9987417373315584,0.56,45.521,0.9999994231570778,0.00179999996908,0.999996586843025,0.935,639.323,,-1.0,0.0,ImageNet
126,ImageNet-R,QTC-SC,resnet50,TPS,0.237,0.366,0.025,False,0.9987417373315584,0.56,45.521,0.9999994231570778,0.0012333393096923,0.9999989594468036,0.965,761.514,,-1.0,0.0,ImageNet
127,ImageNet-R,QTC-ST,resnet50,TCP,0.237,0.366,0.025,,0.9987416721289238,0.56,45.521,0.9999994232783688,,0.9997000098228456,0.664,114.755,,,,ImageNet
128,ImageNet-R,ACR,resnet50,TPS,0.237,0.366,0.05,False,0.99363269250561,0.451,13.892,0.9999980139558916,,0.9989463090896606,0.573,51.44,,-1.0,0.0,ImageNet
129,ImageNet-R,CHR,resnet50,TPS,0.237,0.366,0.05,False,0.99363269250561,0.451,13.892,0.9999980139558916,,1.0001189708709717,1.0,1000.0,,-1.0,0.0,ImageNet
130,ImageNet-R,CHR-,resnet50,TPS,0.237,0.366,0.05,False,0.99363269250561,0.451,13.892,0.9999980139558916,,1.00187885761261,1.0,1000.0,,-1.0,0.0,ImageNet
131,ImageNet-R,DCR,resnet50,TPS,0.237,0.366,0.05,False,0.99363269250561,0.451,13.892,0.9999980139558916,,0.9998166352855088,0.702,151.861,,-1.0,0.0,ImageNet
132,ImageNet-R,PCR,resnet50,TPS,0.237,0.366,0.05,False,0.99363269250561,0.451,13.892,0.9999980139558916,,0.9727156162261964,0.363,4.521,,-1.0,0.0,ImageNet
133,ImageNet-R,QTC,resnet50,TPS,0.237,0.366,0.05,False,0.99363269250561,0.451,13.892,0.9999980139558916,0.0036599999293684,0.9999774032071748,0.848,388.848,,-1.0,0.0,ImageNet
134,ImageNet-R,QTC-SC,resnet50,TPS,0.237,0.366,0.05,False,0.99363269250561,0.451,13.892,0.9999980139558916,0.0030999779701232,0.9999853798016736,0.872,448.494,,-1.0,0.0,ImageNet
135,ImageNet-R,QTC-ST,resnet50,TCP,0.237,0.366,0.05,,0.9936310789862414,0.451,13.889,0.9999980140657134,,0.9996333122253418,0.65,101.797,,,,ImageNet
136,ImageNet-R,ACR,resnet50,TPS,0.237,0.366,0.075,False,0.9819785672976588,0.388,6.244,0.9999954334416112,,0.9998574256896972,0.721,173.8,,-1.0,0.0,ImageNet
137,ImageNet-R,CHR,resnet50,TPS,0.237,0.366,0.075,False,0.9819785672976588,0.388,6.244,0.9999954334416112,,0.9993268251419068,0.605,69.389,,-1.0,0.0,ImageNet
138,ImageNet-R,CHR-,resnet50,TPS,0.237,0.366,0.075,False,0.9819785672976588,0.388,6.244,0.9999954334416112,,1.0012277364730835,1.0,1000.0,,-1.0,0.0,ImageNet
139,ImageNet-R,DCR,resnet50,TPS,0.237,0.366,0.075,False,0.9819785672976588,0.388,6.244,0.9999954334416112,,0.999335195849738,0.606,69.952,,-1.0,0.0,ImageNet
140,ImageNet-R,PCR,resnet50,TPS,0.237,0.366,0.075,False,0.9819785672976588,0.388,6.244,0.9999954334416112,,0.9523910880088806,0.332,2.933,,-1.0,0.0,ImageNet
141,ImageNet-R,QTC,resnet50,TPS,0.237,0.366,0.075,False,0.9819785672976588,0.388,6.244,0.9999954334416112,0.0059799998998641,0.9999428862080312,0.789,270.043,,-1.0,0.0,ImageNet
142,ImageNet-R,QTC-SC,resnet50,TPS,0.237,0.366,0.075,False,0.9819785672976588,0.388,6.244,0.9999954334416112,0.0053333044052124,0.9999531785948036,0.802,294.07,,-1.0,0.0,ImageNet
143,ImageNet-R,QTC-ST,resnet50,TCP,0.237,0.366,0.075,,0.981972683211281,0.388,6.242,0.9999954317216576,,0.9992666840553284,0.599,65.607,,,,ImageNet
144,ImageNet-R,ACR,resnet50,TPS,0.237,0.366,0.1,False,0.9612479916616082,0.343,3.445,0.9999915468738728,,0.998757004737854,0.561,45.906,,-1.0,0.0,ImageNet
145,ImageNet-R,CHR,resnet50,TPS,0.237,0.366,0.1,False,0.9612479916616082,0.343,3.445,0.9999915468738728,,0.9982367753982544,0.536,35.903,,-1.0,0.0,ImageNet
146,ImageNet-R,CHR-,resnet50,TPS,0.237,0.366,0.1,False,0.9612479916616082,0.343,3.445,0.9999915468738728,,0.9983654022216796,0.542,37.876,,-1.0,0.0,ImageNet
147,ImageNet-R,DCR,resnet50,TPS,0.237,0.366,0.1,False,0.9612479916616082,0.343,3.445,0.9999915468738728,,0.9988778828485608,0.568,49.266,,-1.0,0.0,ImageNet
148,ImageNet-R,PCR,resnet50,TPS,0.237,0.366,0.1,False,0.9612479916616082,0.343,3.445,0.9999915468738728,,0.9702363014221193,0.357,4.228,,-1.0,0.0,ImageNet
149,ImageNet-R,QTC,resnet50,TPS,0.237,0.366,0.1,False,0.9612479916616082,0.343,3.445,0.999991546873742,0.0086799999698996,0.999870003812125,0.729,182.369,,-1.0,0.0,ImageNet
150,ImageNet-R,QTC-SC,resnet50,TPS,0.237,0.366,0.1,False,0.9612479916616082,0.343,3.445,0.999991546873742,0.0078333616256713,0.9998958782807612,0.746,204.023,,-1.0,0.0,ImageNet
151,ImageNet-R,QTC-ST,resnet50,TCP,0.237,0.366,0.1,,0.9612278006924614,0.343,3.444,0.9999915519695723,,0.9976666569709778,0.518,29.323,,,,ImageNet
152,ImageNet-R,ACR,resnet50,TPS,0.237,0.366,0.15,False,0.8901761815445115,0.287,1.523,0.999977974094958,,0.9971268177032472,0.503,25.201,,-1.0,0.0,ImageNet
153,ImageNet-R,CHR,resnet50,TPS,0.237,0.366,0.15,False,0.8901761815445115,0.287,1.523,0.999977974094958,,0.996620237827301,0.492,22.348,,-1.0,0.0,ImageNet
154,ImageNet-R,CHR-,resnet50,TPS,0.237,0.366,0.15,False,0.8901761815445115,0.287,1.523,0.999977974094958,,0.9929753541946412,0.444,12.884,,-1.0,0.0,ImageNet
155,ImageNet-R,DCR,resnet50,TPS,0.237,0.366,0.15,False,0.8901761815445115,0.287,1.523,0.999977974094958,,0.9980872318641832,0.531,33.856,,-1.0,0.0,ImageNet
156,ImageNet-R,PCR,resnet50,TPS,0.237,0.366,0.15,False,0.8901761815445115,0.287,1.523,0.999977974094958,,0.9722028374671936,0.362,4.456,,-1.0,0.0,ImageNet
157,ImageNet-R,QTC,resnet50,TPS,0.237,0.366,0.15,False,0.8901761815445115,0.287,1.523,0.999977974094958,0.0144999995827674,0.9996053463282508,0.645,97.334,,-1.0,0.0,ImageNet
158,ImageNet-R,QTC-SC,resnet50,TPS,0.237,0.366,0.15,False,0.8901761815445115,0.287,1.523,0.999977974094958,0.014299988746643,0.9996119597646436,0.646,98.342,,-1.0,0.0,ImageNet
159,ImageNet-R,QTC-ST,resnet50,TCP,0.237,0.366,0.15,,0.8901132412433845,0.287,1.522,0.999977977800248,,0.9910333156585692,0.429,10.704,,,,ImageNet
160,ImageNet-R,ACR,resnet50,TPS,0.237,0.366,0.2,False,0.7703218605833052,0.241,0.835,0.9999514376177048,,0.9940933585166932,0.457,14.698,,-1.0,0.0,ImageNet
161,ImageNet-R,CHR,resnet50,TPS,0.237,0.366,0.2,False,0.7703218605833052,0.241,0.835,0.9999514376177048,,0.9929891228675842,0.444,12.904,,-1.0,0.0,ImageNet
162,ImageNet-R,CHR-,resnet50,TPS,0.237,0.366,0.2,False,0.7703218605833052,0.241,0.835,0.9999514376177048,,0.9856246709823608,0.401,7.448,,-1.0,0.0,ImageNet
163,ImageNet-R,DCR,resnet50,TPS,0.237,0.366,0.2,False,0.7703218605833052,0.241,0.835,0.9999514376177048,,0.9908633228855132,0.428,10.552,,-1.0,0.0,ImageNet
164,ImageNet-R,PCR,resnet50,TPS,0.237,0.366,0.2,False,0.7703218605833052,0.241,0.835,0.9999514376177048,,0.9433660507202148,0.323,2.56,,-1.0,0.0,ImageNet
165,ImageNet-R,QTC,resnet50,TPS,0.237,0.366,0.2,False,0.7703218605833052,0.241,0.835,0.9999514376177048,0.0216400008648633,0.9991123181808468,0.585,57.772,,-1.0,0.0,ImageNet
166,ImageNet-R,QTC-SC,resnet50,TPS,0.237,0.366,0.2,False,0.7703218605833052,0.241,0.835,0.9999514376177048,0.0214666724205017,0.999129159937956,0.586,58.521,,-1.0,0.0,ImageNet
167,ImageNet-R,QTC-ST,resnet50,TCP,0.237,0.366,0.2,,0.7702666071474551,0.241,0.835,0.9999514343288882,,0.9732999801635742,0.364,4.596,,,,ImageNet
168,nonliving26,ACR,resnet18,TPS,0.398,0.752,0.01,False,0.9986114509548554,0.874,9.379,0.9999966108508666,,0.9991298913955688,0.898,10.568,,-1.0,0.0,BREEDS
169,nonliving26,CHR,resnet18,TPS,0.398,0.752,0.01,False,0.9986114509548554,0.874,9.379,0.9999966108508666,,0.9994903802871704,0.92,11.927,,-1.0,0.0,BREEDS
170,nonliving26,CHR-,resnet18,TPS,0.398,0.752,0.01,False,0.9986114509548554,0.874,9.379,0.9999966108508666,,1.001719951629639,1.0,26.0,,-1.0,0.0,BREEDS
171,nonliving26,DCR,resnet18,TPS,0.398,0.752,0.01,False,0.9986114509548554,0.874,9.379,0.9999966108508666,,0.9995695034186848,0.923,12.35,,-1.0,0.0,BREEDS
172,nonliving26,PCR,resnet18,TPS,0.398,0.752,0.01,False,0.9986114509548554,0.874,9.379,0.9999966108508666,,0.99881112575531,0.881,9.777,,-1.0,0.0,BREEDS
173,nonliving26,QTC,resnet18,TPS,0.398,0.752,0.01,False,0.9986114509548554,0.874,9.379,0.9999966108508666,0.004615384619683,0.9996469213419832,0.931,12.856,,-1.0,0.0,BREEDS
174,nonliving26,QTC-SC,resnet18,TPS,0.398,0.752,0.01,False,0.9986114509548554,0.874,9.379,0.9999966108508666,0.0057692527770996,0.9995182767630876,0.921,12.065,,-1.0,0.0,BREEDS
175,nonliving26,QTC-ST,resnet18,APS,0.398,0.752,0.01,,0.9986114509548554,0.874,9.379,0.9999966108508666,,0.9942307472229004,0.791,6.062,,,,BREEDS
176,nonliving26,ACR,resnet18,TPS,0.398,0.752,0.025,False,0.991153271411662,0.757,5.2,0.9999661670492392,,0.9974050521850586,0.841,7.86,,-1.0,0.0,BREEDS
177,nonliving26,CHR,resnet18,TPS,0.398,0.752,0.025,False,0.991153271411662,0.757,5.2,0.9999661670492392,,0.9993286728858948,0.909,11.231,,-1.0,0.0,BREEDS
178,nonliving26,CHR-,resnet18,TPS,0.398,0.752,0.025,False,0.991153271411662,0.757,5.2,0.9999661670492392,,0.9989691972732544,0.888,10.147,,-1.0,0.0,BREEDS
179,nonliving26,DCR,resnet18,TPS,0.398,0.752,0.025,False,0.991153271411662,0.757,5.2,0.9999661670492392,,0.9988535675305176,0.884,9.874,,-1.0,0.0,BREEDS
180,nonliving26,PCR,resnet18,TPS,0.398,0.752,0.025,False,0.991153271411662,0.757,5.2,0.9999661670492392,,0.9986813068389891,0.877,9.508,,-1.0,0.0,BREEDS
181,nonliving26,QTC,resnet18,TPS,0.398,0.752,0.025,False,0.991153271411662,0.757,5.2,0.9999661670492392,0.0080769229680299,0.9992132346898216,0.902,10.824,,-1.0,0.0,BREEDS
182,nonliving26,QTC-SC,resnet18,TPS,0.398,0.752,0.025,False,0.991153271411662,0.757,5.2,0.9999661670492392,0.0057692527770996,0.9995182767630876,0.921,12.065,,-1.0,0.0,BREEDS
183,nonliving26,QTC-ST,resnet18,APS,0.398,0.752,0.025,,0.991153271411662,0.757,5.2,0.9999661670492392,,0.9942307472229004,0.791,6.062,,,,BREEDS
184,nonliving26,ACR,resnet18,TPS,0.398,0.752,0.05,False,0.9706713122787812,0.648,3.205,0.9998384873910416,,0.99388587474823,0.786,5.956,,-1.0,0.0,BREEDS
185,nonliving26,CHR,resnet18,TPS,0.398,0.752,0.05,False,0.9706713122787812,0.648,3.205,0.9998384873910416,,0.9945473074913024,0.793,6.177,,-1.0,0.0,BREEDS
186,nonliving26,CHR-,resnet18,TPS,0.398,0.752,0.05,False,0.9706713122787812,0.648,3.205,0.9998384873910416,,0.997507631778717,0.843,7.951,,-1.0,0.0,BREEDS
187,nonliving26,DCR,resnet18,TPS,0.398,0.752,0.05,False,0.9706713122787812,0.648,3.205,0.9998384873910416,,0.9958701444330552,0.808,6.777,,-1.0,0.0,BREEDS
188,nonliving26,PCR,resnet18,TPS,0.398,0.752,0.05,False,0.9706713122787812,0.648,3.205,0.9998384873910416,,0.9947711825370787,0.797,6.276,,-1.0,0.0,BREEDS
189,nonliving26,QTC,resnet18,TPS,0.398,0.752,0.05,False,0.9706713122787812,0.648,3.205,0.9998384873910416,0.0161538459360599,0.9960728379406428,0.812,6.889,,-1.0,0.0,BREEDS
190,nonliving26,QTC-SC,resnet18,TPS,0.398,0.752,0.05,False,0.9706713122787812,0.648,3.205,0.9998384873910416,0.0057692527770996,0.9995182767630876,0.921,12.065,,-1.0,0.0,BREEDS
191,nonliving26,QTC-ST,resnet18,APS,0.398,0.752,0.05,,0.9706713122787812,0.648,3.205,0.9998384873910416,,0.9942307472229004,0.791,6.062,,,,BREEDS
192,nonliving26,ACR,resnet18,TPS,0.398,0.752,0.075,False,0.9297884767032591,0.567,2.163,0.9995932291839508,,0.9883776307106018,0.735,4.697,,-1.0,0.0,BREEDS
193,nonliving26,CHR,resnet18,TPS,0.398,0.752,0.075,False,0.9297884767032591,0.567,2.163,0.9995932291839508,,0.9913724660873412,0.76,5.253,,-1.0,0.0,BREEDS
194,nonliving26,CHR-,resnet18,TPS,0.398,0.752,0.075,False,0.9297884767032591,0.567,2.163,0.9995932291839508,,0.9893420934677124,0.743,4.853,,-1.0,0.0,BREEDS
195,nonliving26,DCR,resnet18,TPS,0.398,0.752,0.075,False,0.9297884767032591,0.567,2.163,0.9995932291839508,,0.9908913214779822,0.756,5.15,,-1.0,0.0,BREEDS
196,nonliving26,PCR,resnet18,TPS,0.398,0.752,0.075,False,0.9297884767032591,0.567,2.163,0.9995932291839508,,0.988460123538971,0.736,4.712,,-1.0,0.0,BREEDS
197,nonliving26,QTC,resnet18,TPS,0.398,0.752,0.075,False,0.9297884767032591,0.567,2.163,0.9995932291839508,0.0234615392982959,0.992504909855043,0.769,5.526,,-1.0,0.0,BREEDS
198,nonliving26,QTC-SC,resnet18,TPS,0.398,0.752,0.075,False,0.9297884767032591,0.567,2.163,0.9995932291839508,0.0088461637496948,0.999018479825139,0.893,10.263,,-1.0,0.0,BREEDS
199,nonliving26,QTC-ST,resnet18,APS,0.398,0.752,0.075,,0.9297884767032591,0.567,2.163,0.9995932291839508,,0.9942307472229004,0.791,6.062,,,,BREEDS
200,nonliving26,ACR,resnet18,TPS,0.398,0.752,0.1,False,0.8725858522865646,0.503,1.629,0.9991899084891416,,0.981012761592865,0.691,3.855,,-1.0,0.0,BREEDS
201,nonliving26,CHR,resnet18,TPS,0.398,0.752,0.1,False,0.8725858522865646,0.503,1.629,0.9991899084891416,,0.987252712249756,0.726,4.536,,-1.0,0.0,BREEDS
202,nonliving26,CHR-,resnet18,TPS,0.398,0.752,0.1,False,0.8725858522865646,0.503,1.629,0.9991899084891416,,0.9808516502380372,0.69,3.839,,-1.0,0.0,BREEDS
203,nonliving26,DCR,resnet18,TPS,0.398,0.752,0.1,False,0.8725858522865646,0.503,1.629,0.9991899084891416,,0.9828018142197006,0.701,4.028,,-1.0,0.0,BREEDS
204,nonliving26,PCR,resnet18,TPS,0.398,0.752,0.1,False,0.8725858522865646,0.503,1.629,0.9991899084891416,,0.9782326817512512,0.682,3.647,,-1.0,0.0,BREEDS
205,nonliving26,QTC,resnet18,TPS,0.398,0.752,0.1,False,0.8725858522865646,0.503,1.629,0.9991899084891416,0.0303846150636672,0.9874208452899264,0.727,4.559,,-1.0,0.0,BREEDS
206,nonliving26,QTC-SC,resnet18,TPS,0.398,0.752,0.1,False,0.8725858522865646,0.503,1.629,0.9991899084891416,0.0092307925224304,0.9987859608269736,0.88,9.732,,-1.0,0.0,BREEDS
207,nonliving26,QTC-ST,resnet18,APS,0.398,0.752,0.1,,0.8725858522865646,0.503,1.629,0.9991899084891416,,0.9873076677322388,0.726,4.545,,,,BREEDS
208,nonliving26,ACR,resnet18,TPS,0.398,0.752,0.15,False,0.6336940557968156,0.393,0.937,0.9977517275517008,,0.9645512104034424,0.635,2.96,,-1.0,0.0,BREEDS
209,nonliving26,CHR,resnet18,TPS,0.398,0.752,0.15,False,0.6336940557968156,0.393,0.937,0.9977517275517008,,0.968039870262146,0.641,3.092,,-1.0,0.0,BREEDS
210,nonliving26,CHR-,resnet18,TPS,0.398,0.752,0.15,False,0.6336940557968156,0.393,0.937,0.9977517275517008,,0.9524164199829102,0.607,2.578,,-1.0,0.0,BREEDS
211,nonliving26,DCR,resnet18,TPS,0.398,0.752,0.15,False,0.6336940557968156,0.393,0.937,0.9977517275517008,,0.968579772235109,0.643,3.115,,-1.0,0.0,BREEDS
212,nonliving26,PCR,resnet18,TPS,0.398,0.752,0.15,False,0.6336940557968156,0.393,0.937,0.9977517275517008,,0.94460928440094,0.593,2.414,,-1.0,0.0,BREEDS
213,nonliving26,QTC,resnet18,TPS,0.398,0.752,0.15,False,0.6336940557968156,0.393,0.937,0.9977517275517008,0.0442307703197002,0.9784292345435596,0.683,3.662,,-1.0,0.0,BREEDS
214,nonliving26,QTC-SC,resnet18,TPS,0.398,0.752,0.15,False,0.6336940557968156,0.393,0.937,0.9977517275517008,0.0157692432403564,0.9964145698192683,0.818,7.098,,-1.0,0.0,BREEDS
215,nonliving26,QTC-ST,resnet18,APS,0.398,0.752,0.15,,0.6336940557968156,0.393,0.937,0.9977517275517008,,0.9226922988891602,0.557,2.072,,,,BREEDS
216,nonliving26,ACR,resnet18,TPS,0.398,0.752,0.2,False,0.3896154009378875,0.318,0.621,0.9951533993250476,,0.9462546706199646,0.595,2.445,,-1.0,0.0,BREEDS
217,nonliving26,CHR,resnet18,TPS,0.398,0.752,0.2,False,0.3896154009378875,0.318,0.621,0.9951533993250476,,0.942850947380066,0.589,2.38,,-1.0,0.0,BREEDS
218,nonliving26,CHR-,resnet18,TPS,0.398,0.752,0.2,False,0.3896154009378875,0.318,0.621,0.9951533993250476,,0.90944242477417,0.537,1.918,,-1.0,0.0,BREEDS
219,nonliving26,DCR,resnet18,TPS,0.398,0.752,0.2,False,0.3896154009378875,0.318,0.621,0.9951533993250476,,0.9552659236467804,0.613,2.66,,-1.0,0.0,BREEDS
220,nonliving26,PCR,resnet18,TPS,0.398,0.752,0.2,False,0.3896154009378875,0.318,0.621,0.9951533993250476,,0.8854377269744873,0.515,1.724,,-1.0,0.0,BREEDS
221,nonliving26,QTC,resnet18,TPS,0.398,0.752,0.2,False,0.3896154009378875,0.318,0.621,0.9951533993250476,0.0646153837442398,0.9514881422884828,0.605,2.558,,-1.0,0.0,BREEDS
222,nonliving26,QTC-SC,resnet18,TPS,0.398,0.752,0.2,False,0.3896154009378875,0.318,0.621,0.9951533993250476,0.0242307782173156,0.9918125523489648,0.762,5.348,,-1.0,0.0,BREEDS
223,nonliving26,QTC-ST,resnet18,APS,0.398,0.752,0.2,,0.3896154009378875,0.318,0.621,0.9951533993250476,,0.7934615612030029,0.453,1.273,,,,BREEDS
224,living17,ACR,resnet18,TPS,0.513,0.89,0.01,False,0.9981098206215744,0.886,4.951,0.9999996319652844,,0.9990620017051696,0.912,5.733,,-1.0,0.0,BREEDS
225,living17,CHR,resnet18,TPS,0.513,0.89,0.01,False,0.9981098206215744,0.886,4.951,0.9999996319652844,,0.9987669587135316,0.899,5.426,,-1.0,0.0,BREEDS
226,living17,CHR-,resnet18,TPS,0.513,0.89,0.01,False,0.9981098206215744,0.886,4.951,0.9999996319652844,,0.9992799162864684,0.919,6.049,,-1.0,0.0,BREEDS
227,living17,DCR,resnet18,TPS,0.513,0.89,0.01,False,0.9981098206215744,0.886,4.951,0.9999996319652844,,0.9994083599620704,0.926,6.278,,-1.0,0.0,BREEDS
228,living17,PCR,resnet18,TPS,0.513,0.89,0.01,False,0.9981098206215744,0.886,4.951,0.9999996319652844,,1.0011955499649048,1.0,17.0,,-1.0,0.0,BREEDS
229,living17,QTC,resnet18,TPS,0.513,0.89,0.01,False,0.9981098206215744,0.886,4.951,0.9999996319652844,0.0023529410827904,0.9999532916459744,0.961,9.209,,-1.0,0.0,BREEDS
230,living17,QTC-SC,resnet18,TPS,0.513,0.89,0.01,False,0.9981098206215744,0.886,4.951,0.9999996319652844,0.0052941441535949,0.9995188866660693,0.929,6.512,,-1.0,0.0,BREEDS
231,living17,QTC-ST,resnet18,APS,0.513,0.89,0.01,,0.9981098206215744,0.886,4.951,0.9999996319652844,,0.994705855846405,0.852,3.892,,,,BREEDS
232,living17,ACR,resnet18,TPS,0.513,0.89,0.025,False,0.9862249528784852,0.804,3.036,0.9999895147061834,,0.9959609508514404,0.86,4.129,,-1.0,0.0,BREEDS
233,living17,CHR,resnet18,TPS,0.513,0.89,0.025,False,0.9862249528784852,0.804,3.036,0.9999895147061834,,0.9971131682395936,0.871,4.468,,-1.0,0.0,BREEDS
234,living17,CHR-,resnet18,TPS,0.513,0.89,0.025,False,0.9862249528784852,0.804,3.036,0.9999895147061834,,0.9944237470626832,0.848,3.851,,-1.0,0.0,BREEDS
235,living17,DCR,resnet18,TPS,0.513,0.89,0.025,False,0.9862249528784852,0.804,3.036,0.9999895147061834,,0.9957098344136576,0.858,4.077,,-1.0,0.0,BREEDS
236,living17,PCR,resnet18,TPS,0.513,0.89,0.025,False,0.9862249528784852,0.804,3.036,0.9999895147061834,,0.9978076219558716,0.88,4.795,,-1.0,0.0,BREEDS
237,living17,QTC,resnet18,TPS,0.513,0.89,0.025,False,0.9862249528784852,0.804,3.036,0.9999895147061834,0.0105882352218031,0.9979794596127138,0.882,4.879,,-1.0,0.0,BREEDS
238,living17,QTC-SC,resnet18,TPS,0.513,0.89,0.025,False,0.9862249528784852,0.804,3.036,0.9999895147061834,0.0052941441535949,0.9995188866660693,0.929,6.512,,-1.0,0.0,BREEDS
239,living17,QTC-ST,resnet18,APS,0.513,0.89,0.025,,0.9862249528784852,0.804,3.036,0.9999895147061834,,0.994705855846405,0.852,3.892,,,,BREEDS
240,living17,ACR,resnet18,TPS,0.513,0.89,0.05,False,0.9371450599955724,0.692,1.909,0.9998536209617204,,0.984861433506012,0.796,2.945,,-1.0,0.0,BREEDS
241,living17,CHR,resnet18,TPS,0.513,0.89,0.05,False,0.9371450599955724,0.692,1.909,0.9998536209617204,,0.9873414039611816,0.809,3.101,,-1.0,0.0,BREEDS
242,living17,CHR-,resnet18,TPS,0.513,0.89,0.05,False,0.9371450599955724,0.692,1.909,0.9998536209617204,,0.9879740476608276,0.811,3.138,,-1.0,0.0,BREEDS
243,living17,DCR,resnet18,TPS,0.513,0.89,0.05,False,0.9371450599955724,0.692,1.909,0.9998536209617204,,0.9855726604091332,0.8,2.994,,-1.0,0.0,BREEDS
244,living17,PCR,resnet18,TPS,0.513,0.89,0.05,False,0.9371450599955724,0.692,1.909,0.9998536209617204,,0.9884252548217772,0.812,3.169,,-1.0,0.0,BREEDS
245,living17,QTC,resnet18,TPS,0.513,0.89,0.05,False,0.9371450599955724,0.692,1.909,0.9998536209617204,0.0194117650389671,0.9916524670949012,0.828,3.471,,-1.0,0.0,BREEDS
246,living17,QTC-SC,resnet18,TPS,0.513,0.89,0.05,False,0.9371450599955724,0.692,1.909,0.9998536209617204,0.0052941441535949,0.9995188866660693,0.929,6.512,,-1.0,0.0,BREEDS
247,living17,QTC-ST,resnet18,APS,0.513,0.89,0.05,,0.9371450599955724,0.692,1.909,0.9998536209617204,,0.994705855846405,0.852,3.892,,,,BREEDS
248,living17,ACR,resnet18,TPS,0.513,0.89,0.075,False,0.8626706678547404,0.629,1.469,0.999388310211417,,0.9688498377799988,0.753,2.408,,-1.0,0.0,BREEDS
249,living17,CHR,resnet18,TPS,0.513,0.89,0.075,False,0.8626706678547404,0.629,1.469,0.999388310211417,,0.9775750041007996,0.779,2.649,,-1.0,0.0,BREEDS
250,living17,CHR-,resnet18,TPS,0.513,0.89,0.075,False,0.8626706678547404,0.629,1.469,0.999388310211417,,0.9722758531570436,0.762,2.485,,-1.0,0.0,BREEDS
251,living17,DCR,resnet18,TPS,0.513,0.89,0.075,False,0.8626706678547404,0.629,1.469,0.999388310211417,,0.9687211591877484,0.751,2.404,,-1.0,0.0,BREEDS
252,living17,PCR,resnet18,TPS,0.513,0.89,0.075,False,0.8626706678547404,0.629,1.469,0.999388310211417,,0.9748713970184326,0.768,2.558,,-1.0,0.0,BREEDS
253,living17,QTC,resnet18,TPS,0.513,0.89,0.075,False,0.8626706678547404,0.629,1.469,0.999388310211417,0.0276470594108104,0.9836000816963854,0.793,2.879,,-1.0,0.0,BREEDS
254,living17,QTC-SC,resnet18,TPS,0.513,0.89,0.075,False,0.8626706678547404,0.629,1.469,0.999388310211417,0.0052941441535949,0.9995188866660693,0.929,6.512,,-1.0,0.0,BREEDS
255,living17,QTC-ST,resnet18,APS,0.513,0.89,0.075,,0.8626706678547404,0.629,1.469,0.999388310211417,,0.9917647242546082,0.828,3.479,,,,BREEDS
256,living17,ACR,resnet18,TPS,0.513,0.89,0.1,False,0.7132249676339766,0.554,1.115,0.9988047586593244,,0.94363933801651,0.699,1.992,,-1.0,0.0,BREEDS
257,living17,CHR,resnet18,TPS,0.513,0.89,0.1,False,0.7132249676339766,0.554,1.115,0.9988047586593244,,0.9609812498092652,0.734,2.228,,-1.0,0.0,BREEDS
258,living17,CHR-,resnet18,TPS,0.513,0.89,0.1,False,0.7132249676339766,0.554,1.115,0.9988047586593244,,0.9503175616264344,0.711,2.07,,-1.0,0.0,BREEDS
259,living17,DCR,resnet18,TPS,0.513,0.89,0.1,False,0.7132249676339766,0.554,1.115,0.9988047586593244,,0.9465857349984784,0.703,2.024,,-1.0,0.0,BREEDS
260,living17,PCR,resnet18,TPS,0.513,0.89,0.1,False,0.7132249676339766,0.554,1.115,0.9988047586593244,,0.9522504210472108,0.714,2.095,,-1.0,0.0,BREEDS
261,living17,QTC,resnet18,TPS,0.513,0.89,0.1,False,0.7132249676339766,0.554,1.115,0.9988047586593244,0.0341176465153694,0.9695099670537805,0.754,2.419,,-1.0,0.0,BREEDS
262,living17,QTC-SC,resnet18,TPS,0.513,0.89,0.1,False,0.7132249676339766,0.554,1.115,0.9988047586593244,0.0052941441535949,0.9995188866660693,0.929,6.512,,-1.0,0.0,BREEDS
263,living17,QTC-ST,resnet18,APS,0.513,0.89,0.1,,0.7132249676339766,0.554,1.115,0.9988047586593244,,0.9700000286102296,0.755,2.431,,,,BREEDS
264,living17,ACR,resnet18,TPS,0.513,0.89,0.15,False,0.3995118194520469,0.446,0.781,0.9946119559642392,,0.9053679704666138,0.658,1.679,,-1.0,0.0,BREEDS
265,living17,CHR,resnet18,TPS,0.513,0.89,0.15,False,0.3995118194520469,0.446,0.781,0.9946119559642392,,0.9350948333740234,0.689,1.892,,-1.0,0.0,BREEDS
266,living17,CHR-,resnet18,TPS,0.513,0.89,0.15,False,0.3995118194520469,0.446,0.781,0.9946119559642392,,0.8776354789733887,0.641,1.537,,-1.0,0.0,BREEDS
267,living17,DCR,resnet18,TPS,0.513,0.89,0.15,False,0.3995118194520469,0.446,0.781,0.9946119559642392,,0.8929398113191124,0.649,1.609,,-1.0,0.0,BREEDS
268,living17,PCR,resnet18,TPS,0.513,0.89,0.15,False,0.3995118194520469,0.446,0.781,0.9946119559642392,,0.8679500818252563,0.632,1.491,,-1.0,0.0,BREEDS
269,living17,QTC,resnet18,TPS,0.513,0.89,0.15,False,0.3995118194520469,0.446,0.781,0.9946119559642392,0.0541176460683345,0.933465237634604,0.688,1.876,,-1.0,0.0,BREEDS
270,living17,QTC-SC,resnet18,TPS,0.513,0.89,0.15,False,0.3995118194520469,0.446,0.781,0.9946119559642392,0.0099999904632568,0.9981098227321732,0.886,4.951,,-1.0,0.0,BREEDS
271,living17,QTC-ST,resnet18,APS,0.513,0.89,0.15,,0.3995118194520469,0.446,0.781,0.9946119559642392,,0.8135294318199158,0.598,1.309,,,,BREEDS
272,living17,ACR,resnet18,TPS,0.513,0.89,0.2,False,0.1639883256239045,0.358,0.556,0.9858160344581394,,0.8589012622833252,0.625,1.455,,-1.0,0.0,BREEDS
273,living17,CHR,resnet18,TPS,0.513,0.89,0.2,False,0.1639883256239045,0.358,0.556,0.9858160344581394,,0.9025747776031494,0.655,1.664,,-1.0,0.0,BREEDS
274,living17,CHR-,resnet18,TPS,0.513,0.89,0.2,False,0.1639883256239045,0.358,0.556,0.9858160344581394,,0.8258053660392761,0.606,1.346,,-1.0,0.0,BREEDS
275,living17,PCR,resnet18,TPS,0.513,0.89,0.2,False,0.1639883256239045,0.358,0.556,0.9858160344581394,,0.7406779527664185,0.565,1.16,,-1.0,0.0,BREEDS
276,living17,QTC,resnet18,TPS,0.513,0.89,0.2,False,0.1639883256239045,0.358,0.556,0.9858160344581394,0.0729411765933036,0.8699180406003612,0.634,1.499,,-1.0,0.0,BREEDS
277,living17,QTC-SC,resnet18,TPS,0.513,0.89,0.2,False,0.1639883256239045,0.358,0.556,0.9858160344581394,0.0176470875740051,0.993365101973325,0.839,3.694,,-1.0,0.0,BREEDS
278,living17,QTC-ST,resnet18,APS,0.513,0.89,0.2,,0.1639883256239045,0.358,0.556,0.9858160344581394,,0.4205882251262665,0.451,0.796,,,,BREEDS
279,entity30,ACR,resnet18,TPS,0.474,0.81,0.01,False,0.998170149529638,0.898,7.835,0.9999849697292112,,0.9988170266151428,0.916,8.802,,-1.0,0.0,BREEDS
280,entity30,CHR,resnet18,TPS,0.474,0.81,0.01,False,0.998170149529638,0.898,7.835,0.9999849697292112,,0.9981377720832824,0.897,7.795,,-1.0,0.0,BREEDS
281,entity30,CHR-,resnet18,TPS,0.474,0.81,0.01,False,0.998170149529638,0.898,7.835,0.9999849697292112,,1.000002384185791,1.0,30.0,,-1.0,0.0,BREEDS
282,entity30,DCR,resnet18,TPS,0.474,0.81,0.01,False,0.998170149529638,0.898,7.835,0.9999849697292112,,0.999140848422708,0.928,9.544,,-1.0,0.0,BREEDS
283,entity30,PCR,resnet18,TPS,0.474,0.81,0.01,False,0.998170149529638,0.898,7.835,0.9999849697292112,,1.0017600059509275,1.0,30.0,,-1.0,0.0,BREEDS
284,entity30,QTC,resnet18,TPS,0.474,0.81,0.01,False,0.998170149529638,0.898,7.835,0.9999849697292112,0.0026666666381061,0.9999254643608314,0.976,15.386,,-1.0,0.0,BREEDS
285,entity30,QTC-SC,resnet18,TPS,0.474,0.81,0.01,False,0.998170149529638,0.898,7.835,0.9999849697292112,0.0088333487510681,0.9984586887643878,0.906,8.216,,-1.0,0.0,BREEDS
286,entity30,QTC-ST,resnet18,APS,0.474,0.81,0.01,,0.998170149529638,0.898,7.835,0.9999849697292112,,0.991166651248932,0.818,4.768,,,,BREEDS
287,entity30,ACR,resnet18,TPS,0.474,0.81,0.025,False,0.9912951432424948,0.82,4.796,0.9999108332246572,,0.9970912337303162,0.879,6.859,,-1.0,0.0,BREEDS
288,entity30,CHR,resnet18,TPS,0.474,0.81,0.025,False,0.9912951432424948,0.82,4.796,0.9999108332246572,,0.9965662956237792,0.87,6.523,,-1.0,0.0,BREEDS
289,entity30,CHR-,resnet18,TPS,0.474,0.81,0.025,False,0.9912951432424948,0.82,4.796,0.9999108332246572,,0.9962822198867798,0.866,6.366,,-1.0,0.0,BREEDS
290,entity30,DCR,resnet18,TPS,0.474,0.81,0.025,False,0.9912951432424948,0.82,4.796,0.9999108332246572,,0.9981935240584776,0.898,7.861,,-1.0,0.0,BREEDS
291,entity30,PCR,resnet18,TPS,0.474,0.81,0.025,False,0.9912951432424948,0.82,4.796,0.9999108332246572,,0.9994889497756958,0.943,10.78,,-1.0,0.0,BREEDS
292,entity30,QTC,resnet18,TPS,0.474,0.81,0.025,False,0.9912951432424948,0.82,4.796,0.9999108332246572,0.0074999998323619,0.9988191546774252,0.916,8.807,,-1.0,0.0,BREEDS
293,entity30,QTC-SC,resnet18,TPS,0.474,0.81,0.025,False,0.9912951432424948,0.82,4.796,0.9999108332246572,0.0088333487510681,0.9984586887643878,0.906,8.216,,-1.0,0.0,BREEDS
294,entity30,QTC-ST,resnet18,APS,0.474,0.81,0.025,,0.9912951432424948,0.82,4.796,0.9999108332246572,,0.991166651248932,0.818,4.768,,,,BREEDS
295,entity30,ACR,resnet18,TPS,0.474,0.81,0.05,False,0.967714720507152,0.714,2.89,0.9996348817968028,,0.990497589111328,0.814,4.64,,-1.0,0.0,BREEDS
296,entity30,CHR,resnet18,TPS,0.474,0.81,0.05,False,0.967714720507152,0.714,2.89,0.9996348817968028,,0.9953020811080932,0.855,5.916,,-1.0,0.0,BREEDS
297,entity30,CHR-,resnet18,TPS,0.474,0.81,0.05,False,0.967714720507152,0.714,2.89,0.9996348817968028,,0.9905024766921996,0.814,4.64,,-1.0,0.0,BREEDS
298,entity30,DCR,resnet18,TPS,0.474,0.81,0.05,False,0.967714720507152,0.714,2.89,0.9996348817968028,,0.9933899930762125,0.837,5.29,,-1.0,0.0,BREEDS
299,entity30,PCR,resnet18,TPS,0.474,0.81,0.05,False,0.967714720507152,0.714,2.89,0.9996348817968028,,0.994802474975586,0.85,5.73,,-1.0,0.0,BREEDS
300,entity30,QTC,resnet18,TPS,0.474,0.81,0.05,False,0.967714720507152,0.714,2.89,0.9996348817968028,0.0153333330526947,0.9964433643533288,0.869,6.452,,-1.0,0.0,BREEDS
301,entity30,QTC-SC,resnet18,TPS,0.474,0.81,0.05,False,0.967714720507152,0.714,2.89,0.9996348817968028,0.0088333487510681,0.9984586887643878,0.906,8.216,,-1.0,0.0,BREEDS
302,entity30,QTC-ST,resnet18,APS,0.474,0.81,0.05,,0.967714720507152,0.714,2.89,0.9996348817968028,,0.991166651248932,0.818,4.768,,,,BREEDS
303,entity30,ACR,resnet18,TPS,0.474,0.81,0.075,False,0.9190712141976072,0.634,1.967,0.9990417837543544,,0.982052445411682,0.767,3.653,,-1.0,0.0,BREEDS
304,entity30,CHR,resnet18,TPS,0.474,0.81,0.075,False,0.9190712141976072,0.634,1.967,0.9990417837543544,,0.9873080253601074,0.792,4.172,,-1.0,0.0,BREEDS
305,entity30,CHR-,resnet18,TPS,0.474,0.81,0.075,False,0.9190712141976072,0.634,1.967,0.9990417837543544,,0.9831278324127196,0.77,3.747,,-1.0,0.0,BREEDS
306,entity30,DCR,resnet18,TPS,0.474,0.81,0.075,False,0.9190712141976072,0.634,1.967,0.9990417837543544,,0.9841942358002376,0.774,3.84,,-1.0,0.0,BREEDS
307,entity30,PCR,resnet18,TPS,0.474,0.81,0.075,False,0.9190712141976072,0.634,1.967,0.9990417837543544,,0.9862514734268188,0.784,4.05,,-1.0,0.0,BREEDS
308,entity30,QTC,resnet18,TPS,0.474,0.81,0.075,False,0.9190712141976072,0.634,1.967,0.9990417837543544,0.0231666658073663,0.9923168236787028,0.827,5.012,,-1.0,0.0,BREEDS
309,entity30,QTC-SC,resnet18,TPS,0.474,0.81,0.075,False,0.9190712141976072,0.634,1.967,0.9990417837543544,0.0088333487510681,0.9984586887643878,0.906,8.216,,-1.0,0.0,BREEDS
310,entity30,QTC-ST,resnet18,APS,0.474,0.81,0.075,,0.9190712141976072,0.634,1.967,0.9990417837543544,,0.991166651248932,0.818,4.768,,,,BREEDS
311,entity30,ACR,resnet18,TPS,0.474,0.81,0.1,False,0.8503364857383073,0.574,1.492,0.998270633562887,,0.9693194031715392,0.719,2.952,,-1.0,0.0,BREEDS
312,entity30,CHR,resnet18,TPS,0.474,0.81,0.1,False,0.8503364857383073,0.574,1.492,0.998270633562887,,0.9777593612670898,0.75,3.36,,-1.0,0.0,BREEDS
313,entity30,CHR-,resnet18,TPS,0.474,0.81,0.1,False,0.8503364857383073,0.574,1.492,0.998270633562887,,0.9755421876907348,0.742,3.242,,-1.0,0.0,BREEDS
314,entity30,DCR,resnet18,TPS,0.474,0.81,0.1,False,0.8503364857383073,0.574,1.492,0.998270633562887,,0.9714255567736924,0.728,3.04,,-1.0,0.0,BREEDS
315,entity30,PCR,resnet18,TPS,0.474,0.81,0.1,False,0.8503364857383073,0.574,1.492,0.998270633562887,,0.9723657369613647,0.731,3.087,,-1.0,0.0,BREEDS
316,entity30,QTC,resnet18,TPS,0.474,0.81,0.1,False,0.8503364857383073,0.574,1.492,0.998270633562887,0.0305000003427267,0.9871308470149058,0.791,4.153,,-1.0,0.0,BREEDS
317,entity30,QTC-SC,resnet18,TPS,0.474,0.81,0.1,False,0.8503364857383073,0.574,1.492,0.998270633562887,0.0109999775886535,0.9978639189847708,0.89,7.488,,-1.0,0.0,BREEDS
318,entity30,QTC-ST,resnet18,APS,0.474,0.81,0.1,,0.8503364857383073,0.574,1.492,0.998270633562887,,0.9835000038146972,0.771,3.778,,,,BREEDS
319,entity30,ACR,resnet18,TPS,0.474,0.81,0.15,False,0.6302924469615021,0.468,0.933,0.9947575818498618,,0.933853268623352,0.652,2.144,,-1.0,0.0,BREEDS
320,entity30,CHR,resnet18,TPS,0.474,0.81,0.15,False,0.6302924469615021,0.468,0.933,0.9947575818498618,,0.9499797224998474,0.676,2.426,,-1.0,0.0,BREEDS
321,entity30,CHR-,resnet18,TPS,0.474,0.81,0.15,False,0.6302924469615021,0.468,0.933,0.9947575818498618,,0.9350601434707642,0.654,2.163,,-1.0,0.0,BREEDS
322,entity30,DCR,resnet18,TPS,0.474,0.81,0.15,False,0.6302924469615021,0.468,0.933,0.9947575818498618,,0.9455983356143036,0.668,2.342,,-1.0,0.0,BREEDS
323,entity30,PCR,resnet18,TPS,0.474,0.81,0.15,False,0.6302924469615021,0.468,0.933,0.9947575818498618,,0.93788743019104,0.658,2.206,,-1.0,0.0,BREEDS
324,entity30,QTC,resnet18,TPS,0.474,0.81,0.15,False,0.6302924469615021,0.468,0.933,0.9947575818498618,0.0508333332836627,0.9669442883025556,0.713,2.865,,-1.0,0.0,BREEDS
325,entity30,QTC-SC,resnet18,TPS,0.474,0.81,0.15,False,0.6302924469615021,0.468,0.933,0.9947575818498618,0.0164999961853027,0.9960059558888944,0.863,6.231,,-1.0,0.0,BREEDS
326,entity30,QTC-ST,resnet18,APS,0.474,0.81,0.15,,0.6302924469615021,0.468,0.933,0.9947575818498618,,0.9226666688919068,0.638,2.004,,,,BREEDS
327,entity30,ACR,resnet18,TPS,0.474,0.81,0.2,False,0.3658028411308925,0.38,0.634,0.9885919335056096,,0.918222963809967,0.633,1.959,,-1.0,0.0,BREEDS
328,entity30,CHR,resnet18,TPS,0.474,0.81,0.2,False,0.3658028411308925,0.38,0.634,0.9885919335056096,,0.9264569282531738,0.643,2.048,,-1.0,0.0,BREEDS
329,entity30,CHR-,resnet18,TPS,0.474,0.81,0.2,False,0.3658028411308925,0.38,0.634,0.9885919335056096,,0.8843127489089966,0.598,1.681,,-1.0,0.0,BREEDS
330,entity30,DCR,resnet18,TPS,0.474,0.81,0.2,False,0.3658028411308925,0.38,0.634,0.9885919335056096,,0.9230732488075892,0.639,2.008,,-1.0,0.0,BREEDS
331,entity30,PCR,resnet18,TPS,0.474,0.81,0.2,False,0.3658028411308925,0.38,0.634,0.9885919335056096,,0.8750258088111877,0.591,1.62,,-1.0,0.0,BREEDS
332,entity30,QTC,resnet18,TPS,0.474,0.81,0.2,False,0.3658028411308925,0.38,0.634,0.9885919335056096,0.0700000002980232,0.9335025458545634,0.651,2.139,,-1.0,0.0,BREEDS
333,entity30,QTC-SC,resnet18,TPS,0.474,0.81,0.2,False,0.3658028411308925,0.38,0.634,0.9885919335056096,0.0261666774749755,0.9908778451677752,0.817,4.708,,-1.0,0.0,BREEDS
334,entity30,QTC-ST,resnet18,APS,0.474,0.81,0.2,,0.3658028411308925,0.38,0.634,0.9885919335056096,,0.7558333277702332,0.517,1.179,,,,BREEDS
335,entity13,ACR,resnet18,TPS,0.594,0.934,0.01,False,0.9959749624045624,0.925,4.007,0.9999615787280718,,0.9979101419448853,0.94,4.643,,-1.0,0.0,BREEDS
336,entity13,CHR,resnet18,TPS,0.594,0.934,0.01,False,0.9959749624045624,0.925,4.007,0.9999615787280718,,0.9977959990501404,0.939,4.592,,-1.0,0.0,BREEDS
337,entity13,CHR-,resnet18,TPS,0.594,0.934,0.01,False,0.9959749624045624,0.925,4.007,0.9999615787280718,,0.9976596236228944,0.938,4.535,,-1.0,0.0,BREEDS
338,entity13,DCR,resnet18,TPS,0.594,0.934,0.01,False,0.9959749624045624,0.925,4.007,0.9999615787280718,,0.9983559742482436,0.946,4.892,,-1.0,0.0,BREEDS
339,entity13,PCR,resnet18,TPS,0.594,0.934,0.01,False,0.9959749624045624,0.925,4.007,0.9999615787280718,,1.0013294219970703,1.0,13.0,,-1.0,0.0,BREEDS
340,entity13,QTC,resnet18,TPS,0.594,0.934,0.01,False,0.9959749624045624,0.925,4.007,0.9999615787280718,0.0038461538497358,0.999648092123113,0.972,6.545,,-1.0,0.0,BREEDS
341,entity13,QTC-SC,resnet18,TPS,0.594,0.934,0.01,False,0.9959749624045624,0.925,4.007,0.9999615787280718,0.0067692399024963,0.9984885175421964,0.947,4.98,,-1.0,0.0,BREEDS
342,entity13,QTC-ST,resnet18,APS,0.594,0.934,0.01,,0.9959749624045624,0.925,4.007,0.9999615787280718,,0.9932307600975036,0.905,3.523,,,,BREEDS
343,entity13,ACR,resnet18,TPS,0.594,0.934,0.025,False,0.9764052398840896,0.847,2.519,0.9997166251448828,,0.992401957511902,0.9,3.421,,-1.0,0.0,BREEDS
344,entity13,CHR,resnet18,TPS,0.594,0.934,0.025,False,0.9764052398840896,0.847,2.519,0.9997166251448828,,0.9927473664283752,0.902,3.464,,-1.0,0.0,BREEDS
345,entity13,CHR-,resnet18,TPS,0.594,0.934,0.025,False,0.9764052398840896,0.847,2.519,0.9997166251448828,,0.9925427436828612,0.901,3.44,,-1.0,0.0,BREEDS
346,entity13,DCR,resnet18,TPS,0.594,0.934,0.025,False,0.9764052398840896,0.847,2.519,0.9997166251448828,,0.992573605139088,0.901,3.443,,-1.0,0.0,BREEDS
347,entity13,PCR,resnet18,TPS,0.594,0.934,0.025,False,0.9764052398840896,0.847,2.519,0.9997166251448828,,0.9975632429122924,0.937,4.495,,-1.0,0.0,BREEDS
348,entity13,QTC,resnet18,TPS,0.594,0.934,0.025,False,0.9764052398840896,0.847,2.519,0.9997166251448828,0.0103076919913291,0.995817663169091,0.923,3.968,,-1.0,0.0,BREEDS
349,entity13,QTC-SC,resnet18,TPS,0.594,0.934,0.025,False,0.9764052398840896,0.847,2.519,0.9997166251448828,0.0067692399024963,0.9984885175421964,0.947,4.98,,-1.0,0.0,BREEDS
350,entity13,QTC-ST,resnet18,APS,0.594,0.934,0.025,,0.9764052398840896,0.847,2.519,0.9997166251448828,,0.9932307600975036,0.905,3.523,,,,BREEDS
351,entity13,ACR,resnet18,TPS,0.594,0.934,0.05,False,0.9203981176606738,0.763,1.751,0.9986847656397804,,0.9765663743019104,0.847,2.523,,-1.0,0.0,BREEDS
352,entity13,CHR,resnet18,TPS,0.594,0.934,0.05,False,0.9203981176606738,0.763,1.751,0.9986847656397804,,0.9793409705162048,0.855,2.617,,-1.0,0.0,BREEDS
353,entity13,CHR-,resnet18,TPS,0.594,0.934,0.05,False,0.9203981176606738,0.763,1.751,0.9986847656397804,,0.9803783893585204,0.858,2.655,,-1.0,0.0,BREEDS
354,entity13,DCR,resnet18,TPS,0.594,0.934,0.05,False,0.9203981176606738,0.763,1.751,0.9986847656397804,,0.9771918520919406,0.849,2.543,,-1.0,0.0,BREEDS
355,entity13,PCR,resnet18,TPS,0.594,0.934,0.05,False,0.9203981176606738,0.763,1.751,0.9986847656397804,,0.9842957258224488,0.869,2.819,,-1.0,0.0,BREEDS
356,entity13,QTC,resnet18,TPS,0.594,0.934,0.05,False,0.9203981176606738,0.763,1.751,0.9986847656397804,0.0198461543768644,0.9839874394079664,0.868,2.805,,-1.0,0.0,BREEDS
357,entity13,QTC-SC,resnet18,TPS,0.594,0.934,0.05,False,0.9203981176606738,0.763,1.751,0.9986847656397804,0.0067692399024963,0.9984885175421964,0.947,4.98,,-1.0,0.0,BREEDS
358,entity13,QTC-ST,resnet18,APS,0.594,0.934,0.05,,0.9203981176606738,0.763,1.751,0.9986847656397804,,0.9901538491249084,0.89,3.2,,,,BREEDS
359,entity13,ACR,resnet18,TPS,0.594,0.934,0.075,False,0.8139619995316062,0.685,1.325,0.9960331159546576,,0.95278662443161,0.804,2.054,,-1.0,0.0,BREEDS
360,entity13,CHR,resnet18,TPS,0.594,0.934,0.075,False,0.8139619995316062,0.685,1.325,0.9960331159546576,,0.9589663743972778,0.815,2.144,,-1.0,0.0,BREEDS
361,entity13,CHR-,resnet18,TPS,0.594,0.934,0.075,False,0.8139619995316062,0.685,1.325,0.9960331159546576,,0.95925772190094,0.815,2.148,,-1.0,0.0,BREEDS
362,entity13,DCR,resnet18,TPS,0.594,0.934,0.075,False,0.8139619995316062,0.685,1.325,0.9960331159546576,,0.9535558093746695,0.805,2.063,,-1.0,0.0,BREEDS
363,entity13,PCR,resnet18,TPS,0.594,0.934,0.075,False,0.8139619995316062,0.685,1.325,0.9960331159546576,,0.9677772521972656,0.829,2.3,,-1.0,0.0,BREEDS
364,entity13,QTC,resnet18,TPS,0.594,0.934,0.075,False,0.8139619995316062,0.685,1.325,0.9960331159546576,0.0270769223570823,0.972995128462248,0.839,2.421,,-1.0,0.0,BREEDS
365,entity13,QTC-SC,resnet18,TPS,0.594,0.934,0.075,False,0.8139619995316062,0.685,1.325,0.9960331159546576,0.0067692399024963,0.9984885175421964,0.947,4.98,,-1.0,0.0,BREEDS
366,entity13,QTC-ST,resnet18,APS,0.594,0.934,0.075,,0.8139619995316062,0.685,1.325,0.9960331159546576,,0.9760000109672546,0.846,2.507,,,,BREEDS
367,entity13,ACR,resnet18,TPS,0.594,0.934,0.1,False,0.6506424417587429,0.613,1.038,0.992431316773436,,0.9227302074432372,0.766,1.768,,-1.0,0.0,BREEDS
368,entity13,CHR,resnet18,TPS,0.594,0.934,0.1,False,0.6506424417587429,0.613,1.038,0.992431316773436,,0.9356594681739808,0.779,1.868,,-1.0,0.0,BREEDS
369,entity13,CHR-,resnet18,TPS,0.594,0.934,0.1,False,0.6506424417587429,0.613,1.038,0.992431316773436,,0.9315114617347716,0.775,1.83,,-1.0,0.0,BREEDS
370,entity13,DCR,resnet18,TPS,0.594,0.934,0.1,False,0.6506424417587429,0.613,1.038,0.992431316773436,,0.9233603050800472,0.767,1.772,,-1.0,0.0,BREEDS
371,entity13,PCR,resnet18,TPS,0.594,0.934,0.1,False,0.6506424417587429,0.613,1.038,0.992431316773436,,0.9412218332290648,0.786,1.921,,-1.0,0.0,BREEDS
372,entity13,QTC,resnet18,TPS,0.594,0.934,0.1,False,0.6506424417587429,0.613,1.038,0.992431316773436,0.0358461551368236,0.9571047307098318,0.812,2.115,,-1.0,0.0,BREEDS
373,entity13,QTC-SC,resnet18,TPS,0.594,0.934,0.1,False,0.6506424417587429,0.613,1.038,0.992431316773436,0.012000024318695,0.994881471768668,0.916,3.783,,-1.0,0.0,BREEDS
374,entity13,QTC-ST,resnet18,APS,0.594,0.934,0.1,,0.6506424417587429,0.613,1.038,0.992431316773436,,0.9289230704307556,0.772,1.81,,,,BREEDS
375,entity13,ACR,resnet18,TPS,0.594,0.934,0.15,False,0.3567780584358249,0.512,0.74,0.9776972610673222,,0.8473542332649231,0.704,1.417,,-1.0,0.0,BREEDS
376,entity13,CHR,resnet18,TPS,0.594,0.934,0.15,False,0.3567780584358249,0.512,0.74,0.9776972610673222,,0.8891867995262146,0.734,1.575,,-1.0,0.0,BREEDS
377,entity13,CHR-,resnet18,TPS,0.594,0.934,0.15,False,0.3567780584358249,0.512,0.74,0.9776972610673222,,0.8468211889266968,0.704,1.415,,-1.0,0.0,BREEDS
378,entity13,DCR,resnet18,TPS,0.594,0.934,0.15,False,0.3567780584358249,0.512,0.74,0.9776972610673222,,0.859514269258884,0.712,1.456,,-1.0,0.0,BREEDS
379,entity13,PCR,resnet18,TPS,0.594,0.934,0.15,False,0.3567780584358249,0.512,0.74,0.9776972610673222,,0.854960560798645,0.709,1.439,,-1.0,0.0,BREEDS
380,entity13,QTC,resnet18,TPS,0.594,0.934,0.15,False,0.3567780584358249,0.512,0.74,0.9776972610673222,0.0538461543619632,0.9079540441169016,0.75,1.671,,-1.0,0.0,BREEDS
381,entity13,QTC-SC,resnet18,TPS,0.594,0.934,0.15,False,0.3567780584358249,0.512,0.74,0.9776972610673222,0.0180000066757202,0.986881985101872,0.876,2.96,,-1.0,0.0,BREEDS
382,entity13,QTC-ST,resnet18,APS,0.594,0.934,0.15,,0.3567780584358249,0.512,0.74,0.9776972610673222,,0.7250769138336182,0.64,1.138,,,,BREEDS
383,entity13,ACR,resnet18,TPS,0.594,0.934,0.2,False,0.1689688402395982,0.436,0.572,0.9509879286481784,,0.7821251153945923,0.667,1.248,,-1.0,0.0,BREEDS
384,entity13,CHR,resnet18,TPS,0.594,0.934,0.2,False,0.1689688402395982,0.436,0.572,0.9509879286481784,,0.8255462050437927,0.691,1.354,,-1.0,0.0,BREEDS
385,entity13,CHR-,resnet18,TPS,0.594,0.934,0.2,False,0.1689688402395982,0.436,0.572,0.9509879286481784,,0.7810946702957153,0.667,1.246,,-1.0,0.0,BREEDS
386,entity13,DCR,resnet18,TPS,0.594,0.934,0.2,False,0.1689688402395982,0.436,0.572,0.9509879286481784,,0.7914516168814439,0.672,1.27,,-1.0,0.0,BREEDS
387,entity13,PCR,resnet18,TPS,0.594,0.934,0.2,False,0.1689688402395982,0.436,0.572,0.9509879286481784,,0.7386400103569031,0.647,1.165,,-1.0,0.0,BREEDS
388,entity13,QTC,resnet18,TPS,0.594,0.934,0.2,False,0.1689688402395982,0.436,0.572,0.9509879286481784,0.0724615380167961,0.8333073733575687,0.695,1.375,,-1.0,0.0,BREEDS
389,entity13,QTC-SC,resnet18,TPS,0.594,0.934,0.2,False,0.1689688402395982,0.436,0.572,0.9509879286481784,0.0269230604171752,0.9735851764000398,0.841,2.438,,-1.0,0.0,BREEDS
390,entity13,QTC-ST,resnet18,APS,0.594,0.934,0.2,,0.1689688402395982,0.436,0.572,0.9509879286481784,,0.432461529970169,0.538,0.808,,,,BREEDS
